timestamp,x,y,z
1750848789119,3.9834516,6.1124654,6.666404
1750848789138,3.7728832,6.0023956,6.5754766
1750848789157,3.6340995,5.9545393,6.7764735
1750848789176,3.3900316,5.662615,6.5659056
1750848789196,3.5958142,6.2751775,6.5659056
1750848789215,3.6819558,6.4474607,6.5228343
1750848789234,3.409174,6.519245,6.4558353
1750848789253,3.3182468,6.2847486,6.5754766
1750848789272,3.4139597,5.9497533,6.829116
1750848789291,3.2368908,5.7248282,6.8721867
1750848789310,3.3565319,5.710471,6.580262
1750848789329,3.3661032,6.2751775,6.6759753
1750848789348,3.8350966,6.117251,6.867401
1750848789367,3.705884,5.892326,7.159325
1750848789387,3.6723845,5.3994045,7.092326
1750848789406,3.6819558,5.5860443,7.0636125
1750848789425,3.5910287,5.925825,6.9391856
1750848789444,3.557529,6.0023956,6.9152575
1750848789463,3.5096726,5.9449677,6.9678993
1750848789482,3.2560334,5.7200427,7.092326
1750848789501,3.00718,6.1794643,7.1449685
1750848789520,3.9020956,5.4999027,6.6281185
1750848789539,2.815754,6.533602,6.580262
1750848789558,3.6532419,6.428318,6.647261
1750848789578,3.3900316,6.8015985,6.786045
1750848789597,3.0550363,6.509674,6.771688
1750848789616,2.9018958,6.3278193,6.4558353
1750848789635,3.141178,5.643472,6.2883377
1750848789654,3.2177482,6.007181,6.5515485
1750848789673,2.9306095,6.734599,6.948757
1750848789692,2.3802602,7.012167,6.8721867
1750848789711,2.2701905,7.2562346,6.6568327
1750848789730,2.7631118,7.079166,6.4462643
1750848789749,3.0646076,6.0837517,5.948557
1750848789769,2.629114,5.6913285,5.7523456
1750848789788,1.7102699,5.9880385,5.9150577
1750848789807,1.2747762,6.48096,6.556334
1750848789826,1.0785648,6.552745,6.465407
1750848789845,1.2077773,7.0839515,6.1447687
1750848789864,1.6624135,6.849455,6.1974106
1750848789883,1.9351953,5.9784675,6.259624
1750848789902,1.7485552,4.3130627,6.556334
1750848789921,1.4183456,2.7433712,7.0396843
1750848789940,1.7198412,2.556731,7.9920278
1750848789959,2.1457636,3.1262228,9.288938
1750848789979,2.2175484,4.001996,9.8632145
1750848789998,2.1744776,3.4851463,8.863015
1750848790017,2.6721847,2.2456641,8.020741
1750848790036,2.681756,3.5186458,8.04467
1750848790055,2.1122642,3.4995031,8.178668
1750848790074,1.9591235,3.8727834,8.255239
1750848790093,2.3898315,3.714857,8.575876
1750848790112,2.5669005,3.6957145,8.504091
1750848790131,2.030908,2.9970105,8.623733
1750848790151,1.7102699,3.2075787,8.695518
1750848790170,2.4568307,3.6382868,8.906086
1750848790189,2.4711876,3.6670008,8.9348
1750848790208,2.1649063,2.9778678,8.920443
1750848790227,2.0165513,2.2839491,9.044869
1750848790246,2.1026928,1.5134603,9.183653
1750848790265,2.0691934,0.7046863,9.336794
1750848790284,1.8299111,-0.046660043,9.556933
1750848790303,1.3130615,-0.6448657,9.801002
1750848790322,1.2412767,-0.82672024,9.930214
1750848790342,1.2029916,-1.314856,9.949356
1750848790361,0.90149593,-1.7503498,10.102497
1750848790380,0.4564309,-1.8125632,10.269995
1750848790399,0.12622139,-1.922633,10.537991
1750848790418,-0.1369891,-2.056631,10.729417
1750848790437,-0.63948184,-2.2767708,10.973485
1750848790456,-1.0319048,-1.9561325,10.997413
1750848790475,-1.1802598,-2.0135603,10.782059
1750848790494,-1.2759727,-1.6689938,10.633704
1750848790513,-1.6827525,-1.2382857,10.447063
1750848790532,-2.0512471,-1.2000005,10.217353
1750848790552,-2.5298119,-0.80757767,10.447063
1750848790571,-2.8025935,-0.54436713,10.250853
1750848790590,-3.0705895,-0.55393845,9.968499
1750848790609,-3.63051,0.36490545,9.987641
1750848790628,-3.592225,1.4608182,10.298709
1750848790647,-3.821936,2.2648067,10.365707
1750848790666,-4.5158544,2.5375884,10.365707
1750848790685,-5.0183473,2.111666,10.451849
1750848790704,-5.2815576,1.747957,10.447063
1750848790724,-5.382056,0.90089774,10.533205
1750848790743,-5.7170515,0.70947194,10.41835
1750848790762,-5.3246284,1.3938192,10.092926
1750848790781,-5.587839,-0.09930214,9.628718
1750848790800,-6.477969,-0.357727,8.647661
1750848790819,-6.4157557,-0.75493556,7.834101
1750848790838,-6.4588265,-1.7264216,7.1976104
1750848790857,-6.578468,-2.0422742,6.0107703
1750848790876,-6.611967,-2.9467611,5.6709895
1750848790895,-6.0951176,-3.8608193,4.776074
1750848790914,-5.2719865,-4.2053857,4.1635113
1750848790934,-4.683352,-3.7651064,4.6612186
1750848790953,-4.6881375,-3.501896,5.4460645
1750848790972,-4.8173504,-3.9565322,5.6039906
1750848790991,-5.1762733,-4.889733,5.278567
1750848791010,-4.334,-5.0189457,5.508278
1750848791029,-3.1375887,-4.219743,6.1304116
1750848791048,-3.5491543,-4.2484565,6.867401
1750848791067,-4.4871407,-4.0905304,7.7001033
1750848791086,-4.4392843,-2.4681966,9.025727
1750848791105,-4.2717867,0.3792624,10.490134
1750848791125,-3.8937206,2.6811578,11.97847
1750848791144,-3.7597225,1.2167503,11.112268
1750848791163,-5.4777694,0.15433706,9.140582
1750848791182,-5.4059844,1.1066805,8.695518
1750848791201,-5.0709896,2.461018,8.796016
1750848791220,-5.1906304,3.4803605,8.733803
1750848791239,-5.793622,2.7385855,7.838887
1750848791258,-5.6644096,1.5421742,7.4656067
1750848791277,-5.3533425,2.0494525,7.499106
1750848791296,-5.5686965,2.676372,7.1880393
1750848791316,-5.779265,1.9345971,6.0921264
1750848791335,-5.6644096,1.2358929,5.3647084
1750848791354,-5.5112686,-0.013160525,5.3742795
1750848791373,-5.831907,-0.8171489,5.6997037
1750848791392,-6.166902,-0.28594232,5.651847
1750848791411,-5.3676996,-0.6687939,6.005985
1750848791430,-5.8079786,-0.5395815,6.168697
1750848791449,-6.41097,-0.7692925,6.202196
1750848791468,-6.5258255,-0.9128618,5.9342003
1750848791487,-6.291329,-0.47736812,6.0825553
1750848791507,-6.439684,0.13040884,5.9724855
1750848791526,-6.8081784,-0.5587241,5.8480587
1750848791545,-6.7698936,-0.8171489,5.771488
1750848791564,-6.5641108,-1.0564312,5.85763
1750848791583,-6.4157557,-1.1569297,5.733203
1750848791602,-6.3678994,-0.96550393,5.345566
1750848791621,-6.329614,-1.3100704,4.996214
1750848791640,-6.0711894,-1.5014962,5.005785
1750848791659,-5.985048,-1.7024933,5.1206403
1750848791678,-6.1860447,-1.7886349,4.8382874
1750848791698,-6.018547,-1.9657038,4.211368
1750848791717,-6.085546,-2.7026932,3.7615173
1750848791736,-6.2434726,-2.989832,3.4743786
1750848791755,-6.3200426,-2.961118,3.4504502
1750848791774,-6.8225355,-3.138187,3.2207394
1750848791793,-7.1192455,-3.4157543,2.9910283
1750848791812,-7.1096745,-3.7076788,2.885744
1750848791831,-6.9613194,-3.918247,2.9575288
1750848791850,-7.0378895,-4.229314,2.7230322
1750848791869,-7.4494553,-3.0999017,2.4215364
1750848791889,-8.320442,-2.53041,1.8089739
1750848791908,-7.975876,-4.377669,2.1774685
1750848791927,-7.932805,-5.1385865,1.282553
1750848791946,-9.483355,-5.631508,1.8424734
1750848791965,-10.660624,-3.784249,2.6416762
1750848791984,-9.693923,-3.162115,2.0003998
1750848792003,-9.220144,-5.889933,0.72741807
1750848792022,-10.225129,-8.545966,1.0193424
1750848792041,-10.229915,-9.35474,1.9381863
1750848792060,-9.492926,-8.153543,3.359523
1750848792080,-8.478369,-6.468996,4.3740797
1750848792099,-8.253444,-7.7180495,4.082155
1750848792118,-8.464012,-9.675379,3.5940197
1750848792137,-8.655437,-10.532009,4.005585
1750848792156,-8.449655,-8.833105,2.1391835
1750848792175,-7.387242,-7.3974113,-1.1437693
1750848792194,-7.4303126,-11.7667055,-4.3070807
1750848792213,-9.009576,-13.891532,-4.0390844
1750848792232,-10.962119,-11.312069,-1.875973
1750848792251,-9.736994,-10.642078,-2.7613173
1750848792271,-9.990633,-9.373882,-5.532206
1750848792290,-9.291928,-7.550552,-7.4512496
1750848792309,-9.148359,-8.598608,-8.293523
1750848792328,-8.722437,-6.8039913,-9.092726
1750848792347,-6.736394,-8.096115,-11.155339
1750848792366,-7.679166,-8.249256,-11.653047
1750848792385,-6.4205413,-8.507681,-11.940185
1750848792404,-6.454041,-8.943174,-10.389636
1750848792423,-5.803193,-8.311469,-9.868001
1750848792442,-4.41057,-8.273184,-10.853844
1750848792462,-3.6927235,-8.325827,-10.734202
1750848792481,-2.9078777,-8.187042,-9.068798
1750848792500,-1.2855439,-6.6221366,-6.7669024
1750848792519,0.12143575,-7.4644103,-7.159325
1750848792538,1.265205,-6.650851,-8.532805
1750848792557,1.7198412,-6.8279195,-8.676374
1750848792576,3.3182468,-5.444868,-7.1066833
1750848792595,3.7298124,-4.578666,-7.479964
1750848792614,4.49073,-4.1814575,-9.035298
1750848792633,5.959923,-3.1716864,-10.4566345
1750848792653,6.8931236,-1.1377872,-13.505091
1750848792672,7.3621173,3.7674992,-13.787444
1750848792691,9.563514,2.4275186,-11.815758
1750848792710,4.0648074,0.84825563,-9.217153
1750848792729,3.3182468,-0.28115666,-8.111669
1750848792748,10.9992075,1.948954,-8.681161
1750848792767,8.170891,-1.9178474,-8.403593
1750848792786,10.7024975,-1.9130617,-10.547563
1750848792805,14.20559,-3.8177485,-9.71486
1750848792824,12.099906,-0.6879365,-3.2446675
1750848792844,12.5449705,-0.9559326,-3.6993039
1750848792863,15.090934,-3.6311083,-11.983255
1750848792882,10.965708,-0.39601216,-7.704889
1750848792901,9.295518,-10.063016,-2.4741786
1750848792920,3.6197424,-11.048859,0.2727818
1750848792939,-8.732008,-13.460824,3.885944
1750848792958,-16.054045,-15.99243,5.063213
1750848792977,-13.043875,-11.154142,2.7900312
1750848792996,-2.3144577,-6.923632,-0.56470615
1750848793015,4.016951,-7.1102724,1.3543376
1750848793035,3.1603205,-6.000003,8.523234
1750848793054,0.19322042,-6.79442,9.954143
1750848793073,-1.8837496,-6.3493547,12.279965
1750848793092,0.82971126,-10.2927265,9.298509
1750848793111,1.8203398,-9.196814,8.513663
1750848793130,1.9734805,-6.344569,9.332008
1750848793149,1.0785648,-5.703293,9.23151
1750848793168,1.494916,-5.98086,9.853643
1750848793187,1.4709877,-6.856633,7.719246
1750848793206,0.7722835,-6.937989,7.9680996
1750848793226,1.4518452,-5.9904313,8.599805
1750848793245,1.0402796,-6.478567,8.772088
1750848793264,0.8009974,-6.7369924,9.633504
1750848793283,1.1694921,-6.6795645,8.140383
1750848793302,0.69092757,-6.3684974,10.035499
1750848793321,0.887139,-5.6554365,9.178867
1750848793340,1.4614165,-4.875376,9.925428
1750848793359,0.9589237,-4.109673,9.963714
1750848793378,0.68135625,-3.9373896,9.647861
1750848793397,0.39900318,-4.368098,8.891729
1750848793417,0.45164528,-2.784049,9.647861
1750848793436,0.9493524,-3.219543,9.442079
1750848793455,0.6334998,-2.8749764,10.255638
1750848793474,0.657428,-2.219343,10.2317095
1750848793493,-0.0029910284,-2.7505496,9.987641
1750848793512,0.509073,-2.7936203,9.355937
1750848793531,0.6239285,-2.0614166,10.126426
1750848793550,0.53300124,-1.7312071,9.489935
1750848793569,0.7196414,-1.6689938,10.552348
1750848793588,0.35114673,-1.1569297,10.375279
1750848829610,0.61435723,-6.502496,8.001599
1750848829630,0.4660022,-6.8709903,7.585248
1750848829649,0.53300124,-6.3924255,7.513463
1750848829668,-0.1896312,-6.2105713,8.001599
1750848829687,0.020937199,-6.521638,8.56152
1750848829706,0.025722843,-6.890133,8.312666
1750848829725,0.5665008,-5.808577,8.221739
1750848829744,1.41356,-5.784649,7.5469627
1750848829763,1.2795619,-6.3110695,7.4943204
1750848829782,0.9349955,-6.1675005,8.035098
1750848829801,1.102493,-6.4642105,8.063812
1750848829821,1.3082758,-6.483353,7.743174
1750848829840,1.6049858,-6.2105713,7.6809607
1750848829859,1.4853446,-6.3158555,7.7623167
1750848829878,1.3226327,-6.334998,7.948957
1750848829897,1.0977074,-6.79442,8.427522
1750848829916,1.250848,-6.344569,8.274381
1750848829935,1.4853446,-6.5455666,7.757531
1750848829954,1.332204,-6.6652074,8.092526
1750848829973,1.4757733,-6.6221366,8.489735
1750848829992,1.6815561,-6.033502,8.939586
1750848830012,2.1122642,-6.172286,8.19781
1750848830031,1.5762719,-6.535995,7.6331043
1750848830050,1.8681962,-6.306284,8.059027
1750848830069,1.3752748,-5.71765,8.508878
1750848830088,1.7246269,-5.7607207,8.724232
1750848830107,1.7820547,-5.9521465,8.518449
1750848830126,1.8299111,-5.2773705,8.475378
1750848830145,2.059622,-5.148158,8.030313
1750848830164,2.1888344,-4.5930233,8.484949
1750848830183,1.8586249,-3.458825,8.877372
1750848830203,1.9974087,-3.7938204,8.872586
1750848830222,1.8921245,-3.8991046,8.2456665
1750848830241,1.8777676,-3.8943188,8.513663
1750848830260,2.1122642,-2.774478,8.676374
1750848830279,2.4041886,-2.0422742,8.690732
1750848830298,2.1218355,-1.8460627,8.207381
1750848830317,1.8490537,-2.2002003,8.279166
1750848830336,1.0881361,-2.53041,8.49452
1750848830355,0.9876375,-1.9369899,8.499306
1750848830374,1.4183456,-0.96550393,7.7479596
1750848830394,1.5762719,-1.099502,7.322037
1750848830413,0.68135625,-1.6642082,6.398408
1750848830432,0.31286156,-3.1812577,7.9346
1750848830451,-0.6155536,-2.7314072,8.56152
1750848830470,-1.3094722,-2.6452653,8.973084
1750848830489,-1.3908281,-1.2765709,8.015956
1750848830508,-4.0325046,-1.7168503,8.350951
1750848830527,-3.5730824,-4.9471607,10.906486
1750848830546,-3.362514,-5.157729,9.963714
1750848830565,-4.1425743,-1.3627125,6.8865438
1750848830585,-3.2524443,0.5371887,4.063013
1750848830604,-4.578068,-0.041874398,5.020142
1750848830623,-5.2193446,-1.9848464,5.503492
1750848830642,-6.1716876,-3.2386854,5.2689953
1750848830661,-6.942177,-2.6739793,2.4358935
1750848830680,-6.9948187,-5.6267223,3.5988052
1750848830699,-7.5260253,-4.6695933,5.905486
1750848830718,-8.698508,-4.8993044,6.3218374
1750848830737,-11.919248,-8.569894,7.8484583
1750848830756,-15.771692,-12.398411,10.695917
1750848830776,-15.384055,-11.91506,12.208181
1750848830795,-17.327026,-12.671192,10.552348
1750848830814,-14.64228,-10.646864,9.868001
1750848830833,-14.670994,-12.561123,9.786645
1750848830852,-12.617952,-9.876375,12.619746
1750848830871,-11.991033,-11.297712,10.667203
1750848830890,-8.885149,-8.550752,9.915857
1750848830909,-8.827721,-8.038688,3.2303107
1750848830928,-10.540982,-10.316655,4.9722853
1750848830947,-6.4205413,-13.255041,3.6179478
1750848830967,-6.22433,-9.795019,3.0867412
1750848830986,-3.3481572,-2.8175488,1.3304094
1750848831005,-1.7306089,-2.8079774,0.11964113
1750848831024,2.6769702,-1.3244274,-2.4071796
1750848831043,2.3659034,-5.2103715,-10.04507
1750848831062,2.571686,-9.795019,-9.188439
1750848831081,3.399603,-5.3682976,-2.306681
1750848831100,6.409774,-2.9371898,1.3639089
1750848831119,6.3714886,-6.1914287,2.536392
1750848831138,3.0598218,-11.599208,3.7088752
1750848831158,0.26979074,-11.05843,4.843073
1750848831177,0.34636107,-11.192428,2.7948167
1750848831196,-0.40977088,-11.388639,1.9094725
1750848831215,-2.8600214,-9.814162,0.44985065
1750848831234,-4.9896336,-13.570893,-3.1776686
1750848831253,-7.722237,-18.021544,-6.4414787
1750848831272,-7.760522,-20.648863,-8.446664
1750848831291,-7.9280195,-18.557535,-9.020942
1750848831310,-7.7365937,-17.155342,-7.685746
1750848831329,-8.645866,-15.83929,-6.3888364
1750848831349,-9.717851,-14.571094,-6.7525454
1750848831368,-10.430912,-12.197413,-7.5326056
1750848831387,-9.339785,-9.680164,-7.9346
1750848831406,-8.5118685,-7.952546,-8.303095
1750848831425,-7.1766734,-6.2344995,-8.968299
1750848831444,-4.8364925,-5.5405807,-8.939586
1750848831463,-3.3433714,-6.4594245,-9.159725
1750848831482,-1.5343975,-4.9136615,-8.843872
1750848831501,-0.5485546,-6.502496,-9.322437
1750848831520,1.2699906,-4.664808,-7.9393854
1750848831540,2.3659034,-4.526024,-6.9966135
1750848831559,3.1076784,-3.5976088,-5.871987
1750848831578,3.9212382,-2.6883361,-4.895715
1750848831597,5.0697927,-2.9467611,-5.757131
1750848831616,5.7637115,-2.1475582,-6.541977
1750848831635,5.768497,-3.138187,-7.585248
1750848831654,5.2420764,-2.7984061,-8.465807
1750848831673,6.16092,-1.707279,-9.19801
1750848831692,5.89771,0.21655045,-9.107083
1750848831711,6.7926254,0.24047868,-10.083355
1750848831731,6.7447686,-1.692922,-10.380065
1750848831750,5.2277193,-1.8987048,-10.968699
1750848831769,5.7349977,-0.50129634,-12.107682
1750848831788,6.419345,-0.0035892338,-13.926228
1750848831807,5.7110696,-3.583252,-11.897114
1750848831826,1.7868403,-2.487339,-11.480763
1750848831845,3.4953158,-1.9322042,-10.576276
1750848831864,7.1898336,-1.6498512,-9.743574
1750848831883,6.8452673,-0.42951167,-15.615561
1750848831902,3.0598218,-8.325827,-13.045669
1750848831922,2.2414765,-5.0141597,-8.451449
1750848831941,6.6155562,-0.6305088,-6.407979
1750848831960,8.410173,-2.3341985,-8.26481
1750848831979,7.7880397,-4.0331025,-8.657232
1750848831998,11.228918,-3.0520453,-16.074982
1750848832017,4.916652,-7.6462646,-9.274581
1750848832036,4.1605206,-7.076773,-0.29671
1750848832055,4.97408,-5.3443694,2.7852457
1750848832074,-8.669795,-13.819747,-0.52163535
1750848832093,-16.42254,-13.063615,-1.1102697
1750848832113,-10.129416,-12.183057,0.526421
1750848832132,-2.2139592,-12.513266,0.7178468
1750848832151,2.9593234,-9.431311,5.1349974
1750848832170,5.136792,-8.541181,2.1870399
1750848832189,-0.5772685,-5.9760747,3.7998023
1750848832208,0.23150559,-7.196414,6.0825553
1750848832227,0.8679964,-9.287741,7.207182
1750848832246,2.318047,-9.192028,4.5320063
1750848832265,1.3034902,-8.847462,6.206982
1750848832284,-0.35234314,-8.799605,6.398408
1750848832304,-0.28055847,-8.766106,7.2119675
1750848832323,1.5427724,-9.230313,6.9152575
1750848832342,0.5617151,-8.3784685,7.379465
1750848832361,1.11685,-6.995417,9.064013
1750848832380,0.37507495,-7.98126,7.288538
1750848832399,2.184049,-8.847462,5.493921
1750848832418,0.116650105,-7.3974113,7.5613194
1750848832437,-0.12263216,-7.2059855,8.2456665
1750848832456,2.00698,-5.9521465,8.776874
1750848832475,0.8679964,-6.6364937,8.580662
1750848832494,0.9589237,-6.2679987,9.15494
1750848832514,1.1886346,-5.6650076,8.159525
1750848832533,0.58564335,-6.799206,8.843872
1750848832552,1.183849,-6.378069,7.867601
1750848832571,0.15014961,-5.239085,9.298509
1750848832590,1.250848,-5.2103715,8.968299
1750848832609,0.14536397,-4.5834517,9.695718
1750848832628,1.7054844,-5.023731,8.733803
1750848832647,0.33200413,-4.8658047,8.776874
1750848832666,0.46121657,-4.4638104,8.685946
1750848832685,0.36550367,-4.2723846,8.4705925
1750848832705,-0.56769717,-3.6981075,9.963714
1750848832724,2.423331,-2.865405,9.676575
1750848832743,-0.026919255,-3.406183,9.552148
1750848832762,-0.093918286,-3.5114672,9.2075815
1750848832781,0.44685963,-2.8845477,9.068798
1750848832800,0.016151553,-2.9467611,9.083155
1750848832819,-0.084346995,-2.6069803,9.470792
1750848832838,0.5617151,-2.3341985,9.982856
1750848832857,-0.06999006,-2.975475,9.839287
1750848832876,0.887139,-2.664408,10.179068
1750848832896,0.16450655,-2.4442682,9.236296
1750848832915,-0.35712877,-2.4442682,10.035499
1750848832934,0.48993045,-2.0949163,9.260223
1750848832953,-0.25184458,-2.0470598,9.695718
1750848832972,0.04007978,-1.8173488,9.920643
1750848832991,0.51864433,-1.9657038,10.0881405
1750848833010,-0.02213361,-1.6211374,10.212567
1750848833029,-0.232702,-1.5349957,10.193424
1750848833048,-0.012562319,-1.2765709,9.662218
1750848833067,-0.012562319,-0.93679005,9.547362
1750848833087,0.30329028,-0.8985049,9.987641
1750848833106,-0.3475575,-1.2287145,10.57149
1750848833125,-0.4001996,-1.0803595,10.619347
1750848833144,-0.18484555,-0.80757767,10.01157
1750848833163,-0.2853441,-1.1330016,10.370493
1750848833182,-0.7256235,-0.9607183,10.303494
1750848833201,0.62871414,-0.99900347,9.868001
1750848833220,-0.036490545,-0.88414794,10.217353
1750848833239,-0.27098715,-0.36729828,10.413564
1750848833258,-0.4432704,-1.018146,10.27478
1750848833278,-0.036490545,-0.09930214,10.403993
1750848833297,-0.22313072,-0.25722843,10.667203
1750848833316,0.41814575,-0.64008003,10.432707
1750848833335,-0.5772685,-0.7692925,10.269995
1750848833354,0.10707881,-0.6257231,10.27478
1750848833373,-0.36670008,-0.30029923,10.040284
1750848833392,0.04007978,-0.31944183,10.236495
1750848833411,-0.012562319,0.07298109,10.370493
1750848833430,0.068793654,-0.357727,10.313066
1750848833449,0.15014961,-0.20458634,10.480563
1750848833469,0.09272188,0.31226337,10.557134
1750848833488,0.064008005,0.20697916,10.633704
1750848833507,0.42771706,0.4749753,10.27478
1750848833526,0.41814575,0.7812566,10.671989
1750848833545,0.0065802624,0.23569304,11.222338
1750848833564,0.52342993,0.9822537,10.839486
1750848833583,0.44685963,0.5563313,10.643275
1750848833602,0.3272185,0.2117648,10.116854
1750848833621,0.65264237,0.5132605,10.0881405
1750848833640,0.55692947,0.45104706,10.963913
1750848833660,0.40378883,0.73818576,11.026127
1750848833679,0.6047859,0.5946164,10.671989
1750848833698,0.8153543,0.8243274,10.916057
1750848833717,0.80578303,0.6376872,10.724631
1750848833736,0.96849495,1.2933207,11.399407
1750848833755,1.035494,1.2071791,11.480763
1750848833774,1.250848,1.0636097,11.705688
1750848833793,1.1072787,0.9391829,11.150554
1750848833812,0.99720883,0.7429714,10.939985
1750848833831,1.3082758,1.2071791,11.341979
1750848833851,1.3800604,1.0971092,11.471191
1750848833870,1.7198412,1.5565311,11.8588295
1750848833889,1.8969102,1.2933207,11.241481
1750848833908,2.0165513,1.0827522,10.777273
1750848833927,2.0691934,0.991825,10.475778
1750848833946,2.0835502,1.4129617,10.4566345
1750848833965,2.4568307,1.3986049,10.255638
1750848833984,2.7726831,1.125823,9.982856
1750848834003,2.8061829,1.3124632,9.958928
1750848834022,3.1986058,1.3794622,9.375079
1750848834042,3.2847474,1.1018949,8.7577305
1750848834061,3.7441692,1.570888,7.379465
1750848834080,3.6293137,1.2311072,5.977271
1750848834099,4.0408792,0.99661064,5.4173503
1750848834118,4.663013,0.04426722,4.4410787
1750848834137,4.691727,-0.051445685,2.9479575
1750848834156,3.8398821,0.17347965,1.7515461
1750848834175,3.4187453,0.5706882,1.4979069
1750848834194,2.667399,0.20219351,2.2061825
1750848834213,2.0931215,0.58504516,2.3401806
1750848834233,0.9062816,1.14018,3.249453
1750848834252,0.657428,0.96789676,3.9960139
1750848834271,-0.0317049,0.7812566,4.173083
1750848834290,-0.66341007,0.18305093,5.2498527
1750848834309,-0.4959125,0.22612174,6.6089764
1750848834328,-0.46241298,0.8769695,7.690532
1750848834347,-0.7686943,1.1593226,9.202796
1750848834366,-0.96490574,1.2502499,9.686146
1750848834385,-0.232702,1.1593226,10.523634
1750848834404,0.5377869,1.274178,11.442478
1750848834424,1.9543378,2.4323041,13.30888
1750848834443,4.1605206,3.6143587,13.160524
1750848834462,5.553143,4.0163527,12.126825
1750848834481,3.5910287,8.318648,12.600604
1750848834500,3.6628132,7.227521,12.748959
1750848834519,2.4089742,-9.005388,8.748159
1750848834538,-3.726223,3.1262228,13.414164
1750848834557,-4.080361,2.5615165,11.380264
1750848834576,-5.4107704,6.8111696,10.6815605
1750848834595,-5.669195,4.2508492,10.686346
1750848834615,-2.984448,2.6476583,9.858429
1750848834634,-5.171488,2.8055844,9.74836
1750848834653,-2.1278176,1.0971092,11.160125
1750848834672,-1.6253247,-0.424726,11.944971
1750848834691,-2.25703,3.1262228,9.920643
1750848834710,-1.649253,0.5084748,9.456435
1750848834729,-0.7399804,-2.3246272,7.446464
1750848834748,-1.6061822,-2.2528424,6.3792653
1750848834767,-1.6588243,-2.382055,7.422536
1750848834786,0.15014961,-2.204986,7.2646093
1750848834806,-1.0654043,-3.1286156,7.63789
1750848834825,-3.4773695,-2.1284158,8.523234
1750848834844,-3.5012977,1.7766708,9.006584
1750848834863,-2.4245276,2.111666,6.4558353
1750848834882,-3.7645082,2.7960134,5.709275
1750848834901,-4.1760736,2.906083,5.761917
1750848834920,-3.4773695,-0.5395815,4.4075794
1750848834939,-4.7024946,-0.9798609,1.4117653
1750848834958,-6.3678994,-3.1573296,-0.043070808
1750848834977,-8.870791,-2.635694,-0.38763726
1750848834997,-8.722437,-1.2717853,0.7704889
1750848835016,-9.526425,-1.7503498,3.0293136
1750848835035,-11.373684,-3.4253256,2.1535404
1750848835054,-11.842677,-1.9848464,2.0051854
1750848835073,-11.876177,2.1355941,3.3116665
1750848835092,-12.976875,0.16869399,4.2448673
1750848835111,-15.369698,-5.473582,4.9052863
1750848835130,-16.977674,-8.536395,3.306881
1750848835149,-18.231514,-11.297712,0.7609176
1750848835168,-17.226528,-11.627922,-1.2777673
1750848835188,-14.584852,-17.313269,-3.182454
1750848835207,-15.034703,-27.774689,-4.1587257
1750848835226,-17.00639,-32.273197,-1.4835501
1750848835245,-17.633308,-28.908886,5.316852
1750848835264,-18.2363,-29.172098,11.274981
1750848835283,-18.600008,-26.01357,10.284351
1750848835302,-17.140387,-10.259227,4.0103707
1750848835321,-7.329814,-3.5880375,-2.0195422
1750848835340,-3.5539398,11.065608,-8.772088
1750848835359,-11.177473,2.0925233,-9.920643
1750848835379,-22.54338,-6.0526447,-5.9724855
1750848835398,-19.887346,2.5710878,-0.35413775
1750848835417,-26.237898,-1.9944177,-0.2632105
1750848835436,-22.189243,-7.3495545,-3.6083765
1750848835455,-13.326227,-11.862418,-2.268396
1750848835474,-13.130016,-9.5557375,0.5838487
1750848835493,-17.255241,5.4376893,12.844672
1750848835512,-11.282757,-2.6739793,17.204395
1750848835531,-19.834705,-3.9038901,27.684958
1750848835550,-19.274784,-13.001402,31.479975
1750848835570,-20.992832,-13.130614,24.28715
1750848835589,-21.600609,-33.670605,-17.16611
1750848835608,-1.2424731,-33.27818,-22.894527
1750848835627,-3.1950164,6.4761744,-11.657832
1750848835646,1.198206,11.252249,-7.446464
1750848835665,5.9359946,3.3846476,-11.01177
1750848835684,5.026722,0.47018966,-10.202995
1750848835703,3.9930227,-3.2530425,-10.212567
1750848835722,2.8205397,-6.172286,-11.265409
1750848835741,2.030908,-6.334998,-11.49512
1750848835761,1.7341982,-3.3870404,-9.489935
1750848835780,0.5617151,-2.7314072,-9.5665045
1750848835799,0.7196414,-4.6839504,-8.810373
1750848835818,2.2414765,-4.449454,-8.56152
1750848835837,0.6430711,-5.669793,-7.6713896
1750848835856,0.8392825,-4.846662,-7.4273214
1750848835875,0.34636107,-4.679165,-8.12124
1750848835894,1.0833504,-5.7559347,-8.312666
1750848835913,0.6239285,-6.0047884,-8.800801
1750848835932,2.318047,-6.038288,-7.6570325
1750848835952,-0.02213361,-4.928018,-7.4847493
1750848835971,0.39900318,-5.7655063,-7.5326056
1750848835990,0.74835527,-5.593223,-8.054241
1750848836009,0.9637093,-6.602994,-8.413164
1750848836028,0.116650105,-6.641279,-8.16431
1750848836047,-0.6873383,-6.148358,-7.192825
1750848836066,0.7818548,-5.176872,-7.1306114
1750848836085,1.11685,-5.4257255,-7.676175
1750848836104,-0.3714857,-6.512067,-8.4705925
1750848836123,-0.61076796,-6.1435723,-8.193025
1750848836143,0.35593235,-5.5070815,-8.427522
1750848836162,0.8967103,-5.9952173,-8.671589
1750848836181,0.82013994,-6.1531434,-8.2456665
1750848836200,0.12143575,-5.521438,-8.283952
1750848836219,-0.22791636,-5.837291,-8.303095
1750848836238,0.37986058,-5.306084,-8.154739
1750848836257,0.39900318,-4.679165,-7.456035
1750848836276,0.4755735,-4.6839504,-8.346166
1750848836295,-0.61076796,-6.196214,-8.618947
1750848836314,-0.8069794,-5.325227,-8.705089
1750848836334,0.48035914,-5.349155,-8.346166
1750848836353,-1.1276177,-4.995017,-8.647661
1750848836372,-0.8213364,-4.688736,-8.149954
1750848836391,-0.06999006,-4.3968115,-8.398808
1750848836410,1.1886346,-4.9519463,-8.9013
1750848836429,-0.55334026,-4.712664,-9.662218
1750848836448,-0.66341007,-4.8562336,-10.265209
1750848836467,0.31764722,-4.564309,-10.595419
1750848836486,0.5377869,-3.5976088,-10.116854
1750848836505,-0.06520442,-2.8223343,-9.643075
1750848836524,-0.32841492,-2.6548367,-9.332008
1750848836544,-0.25663024,-2.6548367,-9.346365
1750848836563,-0.15134603,-2.4729822,-9.499506
1750848836582,-0.56769717,-2.0422742,-9.475577
1750848836601,-0.49112684,-1.9130617,-8.288737
1750848836620,0.05922236,-1.2574283,-8.116454
1750848836639,-0.04127619,-1.8795621,-8.475378
1750848836658,-0.3044867,-1.9944177,-8.958728
1750848836677,-0.2757728,-1.4297116,-9.571291
1750848836696,-1.4147564,-2.3054845,-11.361122
1750848836716,-1.2137593,-2.1906292,-11.471191
1750848836735,-0.907478,0.38883367,-10.394422
1750848836754,-0.8644072,0.7860422,-9.958928
1750848836773,-1.6875381,0.52283174,-9.97807
1750848836792,-1.9507487,1.3363914,-10.202995
1750848836811,-1.0223335,1.3411771,-10.57149
1750848836830,-1.1419746,1.0971092,-10.490134
1750848836849,-2.295315,1.5134603,-10.786844
1750848836868,-1.649253,1.5182459,-10.834701
1750848836887,-0.73519474,1.963311,-10.092926
1750848836906,-2.5106692,2.9300113,-8.681161
1750848836926,-1.7353946,3.2554352,-8.30788
1750848836945,-0.907478,3.4372897,-8.848659
1750848836964,-0.0317049,3.3320055,-8.532805
1750848836983,-0.3475575,3.3032916,-8.01117
1750848837002,-2.0225334,2.8199415,-8.269595
1750848837021,-3.3194432,4.0211387,-8.618947
1750848837040,-2.6446671,4.29392,-8.312666
1750848837059,-2.1230319,3.5186458,-8.9826565
1750848837078,-2.8456643,3.9972103,-8.724232
1750848837097,-2.7738798,4.834698,-7.6139617
1750848837117,-3.4773695,5.0548377,-6.8865438
1750848837136,-2.9509485,5.2845488,-6.987042
1750848837155,-2.1948166,5.365905,-7.958528
1750848837174,-3.14716,5.011767,-8.480164
1750848837193,-3.266801,5.0739803,-8.059027
1750848837212,-3.3529427,4.2556353,-7.7144604
1750848837231,-2.2091734,2.7194428,-8.441878
1750848837250,-2.0895324,3.4372897,-9.542577
1750848837269,-2.649453,4.4374895,-8.877372
1750848837289,-2.3670998,6.0933228,-7.9106717
1750848837308,-2.1996021,4.001996,-7.1306114
1750848837327,-3.0705895,5.131408,-6.9296145
1750848837346,-1.8071793,3.7674992,-6.518049
1750848837365,-2.056033,2.9922247,-7.2502527
1750848837384,-1.6205392,5.4233327,-8.618947
1750848837403,-1.1802598,3.987639,-9.858429
1750848837422,-2.836093,2.2265215,-8.283952
1750848837441,-2.5824537,1.8628124,-8.135597
1750848837460,-2.5345974,6.040681,-5.326423
1750848837479,-2.472384,2.4275186,-5.613562
1750848837499,-1.9842482,3.2362926,-4.8526444
1750848837518,-1.7258233,3.7770705,-5.0823555
1750848837537,-2.8839495,3.178865,-7.4129643
1750848837556,-3.2715867,2.585445,-8.298309
1750848837575,-2.2809582,2.824727,-6.666404
1750848837594,-2.888735,4.078566,-5.532206
1750848837613,-4.4488554,1.7766708,-5.953343
1750848837632,-5.6644096,2.5136602,-5.74756
1750848837651,-3.8315072,5.3946185,-6.474978
1750848837670,-3.3960135,3.7962132,-8.1020975
1750848837690,-3.7645082,1.0253245,-9.01137
1750848837709,-4.3244286,-0.86979103,-9.891929
1750848837728,-5.4586267,-0.357727,-11.834901
1750848837747,-4.2478585,2.92044,-13.036098
1750848837766,-2.998805,2.3030918,-12.05504
1750848837785,-2.1134605,1.9058832,-11.921042
1750848837804,-1.9555343,-2.1092732,-12.557533
1750848837823,-2.7260232,-4.779663,-12.093326
1750848837842,-3.9655054,-6.047859,-13.75873
1750848837861,-3.5587256,-5.076373,-15.562919
1750848837881,-2.8121648,-6.875776,-14.840286
1750848837900,-2.7930222,-5.7894344,-15.223138
1750848837919,-1.7593229,-7.5122666,-16.003199
1750848837938,-2.3048863,-9.905089,-15.8692
1750848837957,-2.7260232,-9.881161,-14.457435
1750848837976,-2.3192434,-10.130014,-13.471592
1750848837995,0.27936205,-9.862019,-10.906486
1750848838014,0.8153543,-6.4642105,-9.695718
1750848838033,4.3088756,-5.267799,-7.877172
1750848838052,6.180063,-4.415954,-6.728617
1750848838072,4.299304,-5.818148,-7.2933235
1750848838091,7.9746795,-0.6257231,-6.786045
1750848838110,5.9790654,2.8869405,-6.350551
1750848838129,7.8837523,-0.7692925,-8.374879
1750848838148,8.333603,-1.5110675,-10.30828
1750848838167,8.481958,-3.6454654,-6.0921264
1750848838186,4.289733,-4.4446683,-3.900301
1750848838205,4.667799,-2.3772693,-2.7756743
1750848838224,3.8877387,-2.3198416,-1.0959128
1750848838243,1.1407782,-2.7122645,-0.20578274
1750848838263,1.1359925,-3.674179,-2.0482562
1750848838282,1.1216356,-4.5738807,-2.115255
1750848838301,-1.338186,-5.229514,0.08135597
1750848838320,-1.3046865,-7.1389866,0.8470592
1750848838339,0.035294134,-7.038488,0.7322037
1750848838358,2.6482565,-6.890133,-0.014356935
1750848838377,3.8303108,-8.766106,0.4354937
1750848838396,1.9016958,-11.508281,1.1772687
1750848838415,-0.91226363,-11.446067,3.7088752
1750848838434,-1.3046865,-8.1679,6.020342
1750848838454,-0.6538388,-9.54138,3.9673
1750848838473,2.5573292,-11.565708,1.3686945
1750848838492,3.4522448,-9.493524,2.4454648
1750848838511,3.4953158,-8.7469635,3.8524444
1750848838530,2.9114668,-10.426724,4.2687955
1750848838549,1.6911274,-11.527423,3.9673
1750848838568,1.3274183,-10.579865,4.0869412
1750848838587,1.3992031,-8.675179,3.991228
1750848838606,1.7006987,-10.54158,3.1345978
1750848838625,1.5427724,-10.421939,4.0103707
1750848838645,2.2031915,-7.7946196,5.6183476
1750848838664,2.169692,-7.8520474,5.4125648
1750848838683,1.6336997,-7.60798,6.020342
1750848838702,2.7008986,-8.823533,4.4075794
1750848838721,3.557529,-9.952946,3.871587
1750848838740,2.169692,-8.608179,5.316852
1750848838759,1.1694921,-6.8662047,6.058627
1750848838778,1.9591235,-6.3254266,6.7381887
1750848838797,1.9447666,-6.330212,7.0205417
1750848838816,1.4039887,-5.899504,7.1545396
1750848838836,2.562115,-4.2341,7.867601
1750848838855,2.480759,-3.190829,7.9298143
1750848838874,2.5238297,-1.7455641,7.8484583
1750848838893,3.2799616,3.6717863,6.8243303
1750848838912,3.3756745,5.6099725,8.1020975
1750848838931,2.519044,4.8729835,9.958928
1750848838950,2.7918258,6.0837517,10.236495
1750848838969,2.6482565,7.5816584,8.772088
1750848838988,1.8825532,6.9882383,7.881958
1750848839007,1.0546366,6.882954,8.078169
1750848839027,-1.7449659,6.4091754,7.3842506
1750848839046,-3.2380872,6.8303123,6.125626
1750848839065,-3.1136606,10.740185,4.9674997
1750848839084,-2.592025,10.204192,1.8903298
1750848839103,-4.295715,5.5669017,1.4548361
1750848839122,-6.0568323,8.395218,6.1495543
1750848839141,-5.152345,12.056237,9.968499
1750848839160,-5.961119,6.6053867,8.537591
1750848839179,-8.387442,0.096909314,4.900501
1750848839198,-8.913862,-1.2095718,3.6993039
1750848839218,-7.4159555,2.528017,4.503292
1750848839237,-7.11446,-1.7407784,3.3403804
1750848839256,-10.287343,-8.244471,-0.3924229
1750848839275,-13.273585,-12.5754795,-1.7754744
1750848839294,-13.412369,-14.575879,0.55513483
1750848839313,-15.541982,-15.643078,8.853444
1750848839332,-17.623737,-18.77289,13.964513
1750848839351,-15.60898,-22.290339,12.212967
1750848839370,-15.31227,-24.33381,14.921642
1750848839389,-16.197615,-19.777876,18.802801
1750848839409,-15.020346,-19.375881,21.425333
1750848839428,-11.431112,-17.064415,23.301308
1750848839447,-7.8849487,-15.485151,20.602203
1750848839466,-7.4398837,-17.758333,16.481762
1750848839485,-2.3479571,-13.623536,14.42872
1750848839504,4.6007996,-3.9565322,16.864614
1750848839523,8.05125,-9.665807,19.147367
1750848839542,7.8167534,-11.828918,17.300108
1750848839561,5.5675,-9.09153,6.9583282
1750848839580,11.745769,-15.39901,3.1776686
1750848839600,11.606984,-16.911274,-2.3928227
1750848839619,14.023735,-8.904889,3.0388846
1750848839638,16.048063,-9.201599,6.8339014
1750848839657,12.535399,-9.239884,10.667203
1750848839676,3.7441692,1.1449656,14.031512
1750848839695,-2.012962,9.515059,5.5944195
1750848839714,0.9589237,0.2644069,-2.0961127
1750848839733,-4.2574296,0.910469,-2.804388
1750848839752,-7.2532434,4.159922,-2.239682
1750848839771,-11.201401,-1.2765709,-2.6991038
1750848839791,-9.263215,-5.296513,-1.3591232
1750848839810,-10.761122,-6.890133,-0.6652047
1750848839829,-10.93819,-6.68435,-3.5796626
1750848839848,-11.402398,-8.866604,-6.987042
1750848839867,-19.212572,-21.44328,0.35413775
1750848839886,-21.67718,-28.176683,3.67059
1750848839905,-17.279171,-21.811775,1.4644074
1750848839924,-15.594624,-9.09153,3.1680973
1750848839943,-6.9948187,7.844869,0.46899325
1750848839962,-7.4303126,0.44626144,3.737589
1750848839982,-6.975676,4.4662037,6.5946193
1750848840001,0.6861419,6.7298136,8.633304
1750848840020,2.0117657,4.068995,11.303694
1750848840039,0.3894319,5.2031927,11.667403
1750848840058,0.5808577,6.48096,11.873186
1750848840077,0.41814575,3.4277184,10.877771
1750848840096,0.08793623,3.595216,11.41855
1750848840115,-0.8069794,1.3268201,12.184253
1750848840134,-0.8452646,-0.7262217,11.313266
1750848840153,1.2412767,0.7860422,10.389636
1750848840173,3.246462,1.3651053,10.269995
1750848840192,3.519244,0.6329016,10.346565
1750848840211,3.0646076,0.50368917,10.375279
1750848840230,3.8255253,-0.08973085,11.428121
1750848840249,5.3090754,-1.5397813,12.423535
1750848840268,7.5104723,-2.1044874,12.098111
1750848840287,8.5728855,-1.8460627,10.724631
1750848840306,6.6394844,-2.922833,9.772287
1750848840325,4.026522,-3.1286156,10.064212
1750848840344,3.6484563,-3.2817562,11.069198
1750848840364,4.519444,-4.5020957,11.01177
1750848840383,5.0697927,-4.851448,9.274581
1750848840402,3.4043884,-5.334798,8.690732
1750848840421,0.25064817,-6.1387863,8.480164
1750848840440,-2.4580271,-6.6939216,8.456235
1750848840459,-1.9794625,-7.818548,8.882157
1750848840478,0.0017946169,-7.3399835,8.365308
1750848840497,0.43728834,-6.6795645,8.681161
1750848840516,1.3848461,-7.2059855,8.441878
1750848840535,0.020937199,-8.1344,7.7001033
1750848840555,-0.093918286,-7.196414,8.092526
1750848840574,-0.20398813,-6.669993,7.719246
1750848840593,-0.07956135,-8.143971,7.34118
1750848840612,-0.5389833,-9.09153,7.5469627
1750848840631,0.509073,-8.699107,7.4129643
1750848840650,1.791626,-7.713264,7.7910304
1750848840669,0.2650051,-6.483353,8.748159
1750848840688,-0.093918286,-6.1770716,8.413164
1750848840707,1.5332011,-7.038488,7.776674
1750848840726,-0.11784652,-8.100901,7.2550383
1750848840746,-0.13220344,-8.38804,6.465407
1750848840765,1.5667006,-6.6364937,7.125826
1750848840784,1.1455638,-6.7178497,7.776674
1750848840803,0.26979074,-6.5551376,7.585248
1750848840822,1.1264212,-6.650851,7.331609
1750848840841,1.317847,-8.316256,7.0205417
1750848840860,1.049851,-7.90469,7.1545396
1750848840879,1.3417753,-6.7130637,7.556534
1750848840898,1.8442681,-6.2727847,7.5182486
1750848840917,0.78664047,-5.4640107,8.403593
1750848840937,1.2556337,-6.641279,7.422536
1750848840956,1.8442681,-6.9332037,8.331808
1750848840975,1.4614165,-6.282356,7.877172
1750848840994,1.7437695,-5.588437,8.532805
1750848841013,1.8586249,-4.7988057,8.039884
1750848841032,1.8586249,-4.779663,8.547162
1750848841051,1.5236298,-4.3154554,8.178668
1750848841070,0.8344969,-5.0045886,6.867401
1750848841089,1.466202,-3.286542,7.609176
1750848841108,2.0979073,1.5134603,8.46102
1750848841128,2.184049,3.6047873,9.059227
1750848841147,2.021337,3.083152,9.269794
1750848841166,2.2797618,3.3750763,7.2358956
1750848841185,2.6578279,6.859026,6.192625
1750848841204,2.5238297,9.658628,7.422536
1750848841223,1.9878374,9.917053,8.580662
1750848841242,2.1936202,8.045866,7.3363943
1750848841261,2.0979073,8.52443,5.642276
1750848841280,0.8536395,9.940982,6.1591253
1750848841299,-0.64905316,8.979067,6.168697
1750848841319,-1.7114664,12.080165,5.8337016
1750848841338,-2.4963121,11.108679,5.6327047
1750848841357,-2.2666013,10.146765,5.2163534
1750848841376,-2.2139592,9.141779,2.6081767
1750848841395,-3.4151561,12.075379,3.4025939
1750848841414,-5.305486,10.1084795,5.048856
1750848841433,-5.0805607,3.6287155,3.4791641
1750848841452,-6.7651076,0.39840496,2.6512475
1750848841471,-6.454041,-0.67836523,1.3974084
1750848841490,-5.047061,0.67118675,1.7946169
1750848841510,-5.961119,1.3651053,1.105484
1750848841529,-6.5928245,-4.4111686,1.2155539
1750848841548,-9.1770735,-10.680364,1.105484
1750848841567,-11.732608,-13.700106,-0.74177504
1750848841586,-11.321042,-12.661621,3.7950168
1750848841605,-13.474583,-12.920046,7.7240314
1750848841624,-16.968103,-17.36591,12.361321
1750848841643,-18.738792,-17.901903,15.194424
1750848841662,-19.61935,-20.969501,17.611176
1750848841681,-16.72882,-16.58585,20.147566
1750848841700,-14.838491,-15.241084,19.02294
1750848841720,-12.589238,-14.934802,20.520847
1750848841739,-10.019346,-13.676178,20.271994
1750848841758,-5.683552,-16.365711,18.774086
1750848841777,-2.4149563,-13.80539,17.548962
1750848841796,1.1694921,-5.5597234,18.12324
1750848841815,6.7112694,-9.038888,14.892928
1750848841834,9.989436,-6.8039913,14.773287
1750848841853,9.171091,-10.034302,12.021541
1750848841872,9.778868,-16.638493,6.4031935
1750848841892,8.304889,-16.126429,1.1294123
1750848841911,11.7361965,-18.658035,2.0291135
1750848841930,13.861023,-16.32264,5.7140603
1750848841949,14.483157,-5.588437,5.163711
1750848841968,11.994621,1.0253245,11.921042
1750848841987,5.136792,4.1838503,13.399807
1750848842006,-2.2618155,8.935996,3.7758741
1750848842025,-1.4961123,5.322834,-1.6031911
1750848842044,-5.0805607,0.92482597,-2.2971098
1750848842063,-10.249058,-1.692922,-2.617748
1750848842082,-13.479368,0.9774681,-0.65084773
1750848842102,-13.728222,-4.1288157,-1.2729816
1750848842121,-13.82872,-7.2155566,-1.3878372
1750848842140,-16.274185,-12.484552,-3.7471602
1750848842159,-23.739792,-31.205996,-1.4452649
1750848842178,-26.907888,-36.50849,-2.9862428
1750848842197,-18.408583,-14.700306,-12.969099
1750848842216,-7.6456666,4.9495535,1.5696917
1750848842235,-2.6638098,20.143978,1.8185452
1750848842254,-6.0137615,7.773084,7.757531
1750848842273,-3.9894335,4.040281,8.020741
1750848842293,-1.2472588,2.0398812,9.159725
1750848842312,-1.4721842,4.566702,11.021341
1750848842331,-0.22313072,5.3611193,11.442478
1750848842350,0.55692947,4.5619164,10.30828
1750848842369,1.9830518,4.9734817,10.547563
1750848842388,2.1314068,3.0592237,10.815558
1750848842407,2.0404794,1.0971092,11.222338
1750848842426,2.035694,1.0157533,11.298908
1750848842445,1.6863418,0.30269206,10.8969145
1750848842465,2.5429723,-0.26679972,11.016556
1750848842484,4.313661,-0.1902294,11.227124
1750848842503,5.9934225,0.07776674,11.423335
1750848842522,6.663413,-0.50129634,11.844472
1750848842541,6.649056,-1.0372887,11.667403
1750848842560,6.7351975,-0.63529444,10.820344
1750848842579,6.4002023,-0.03708875,11.270195
1750848842598,3.6245282,-0.9320044,11.815758
1750848842617,4.624728,-0.6879365,11.691332
1750848842636,4.5481577,-1.8795621,10.5284195
1750848842655,3.8877387,-2.8319056,8.973084
1750848842675,1.939981,-3.31047,9.284152
1750848842694,0.19800608,-3.7746778,9.413364
1750848842713,-2.9796624,-4.4111686,10.370493
1750848842732,-2.0847468,-4.281956,10.19821
1750848842751,0.3080759,-4.9088755,9.753145
1750848842770,0.97806627,-5.009374,9.891929
1750848842789,1.4422739,-4.7653065,9.38465
1750848842808,-0.51505506,-5.1960144,9.60479
1750848842827,-0.75912297,-5.267799,9.394221
1750848842846,-0.4001996,-4.325027,8.7673025
1750848842866,-0.79740816,-4.3298125,10.217353
1750848842885,0.24586253,-4.406383,9.169296
1750848842904,1.0594223,-4.9136615,9.370294
1750848842923,1.2556337,-4.0570307,9.633504
1750848842942,0.62871414,-3.6454654,10.155139
1750848842961,0.82971126,-4.186243,9.796216
1750848842980,0.63828546,-5.9090757,10.0881405
1750848842999,0.34636107,-4.784449,9.844072
1750848843018,0.23629123,-4.2245283,9.8727865
1750848843037,0.34157544,-4.712664,9.432507
1750848843057,0.9062816,-4.999803,8.953942
1750848843076,0.90149593,-5.1960144,8.480164
1750848843095,1.3417753,-5.5405807,8.484949
1750848843114,0.887139,-5.5836515,9.19801
1750848843133,1.0307083,-5.2773705,8.681161
1750848843152,0.8249256,-4.9136615,9.111869
1750848843171,1.2125629,-4.066602,8.925228
1750848843190,1.4997016,-4.8418765,8.642876
1750848843209,1.5044873,-4.918447,9.001799
1750848843228,1.4997016,-5.042874,9.044869
1750848843248,1.7964116,-4.631308,9.202796
1750848843267,1.5858432,-4.382455,8.743374
1750848843286,1.5523437,-5.1050873,8.63809
1750848843305,1.9543378,-4.133601,8.853444
1750848843324,1.8155541,-4.621737,8.618947
1750848843343,1.3130615,-4.6408796,8.891729
1750848843362,1.4327025,-4.253242,9.288938
1750848843381,2.0452652,-3.7220356,8.863015
1750848843400,1.9543378,-3.1716864,9.19801
1750848843419,1.2029916,-3.487539,8.523234
1750848843439,1.628914,-4.258028,8.178668
1750848843458,1.8442681,-1.8747765,8.087741
1750848843477,1.9878374,-0.19980069,8.662018
1750848843496,2.8396823,1.7048861,8.312666
1750848843515,2.5381866,2.934797,7.9298143
1750848843534,2.2462623,3.8775692,8.059027
1750848843553,1.5188441,6.6628146,9.097511
1750848843572,1.8442681,8.59143,8.475378
1750848843591,2.5477579,7.945368,7.7096744
1750848843610,2.681756,8.471788,7.609176
1750848843630,1.5667006,9.5964155,8.800801
1750848843649,1.4327025,8.959925,8.408379
1750848843668,1.9160527,9.37149,8.154739
1750848843687,0.044865426,8.706285,8.312666
1750848843706,-1.3238292,8.88814,7.30768
1750848843725,-1.3812568,12.180664,6.398408
1750848843744,-0.64905316,12.348162,5.6039906
1750848843763,-1.1276177,7.648658,3.2542388
1750848843782,-2.405385,5.5573306,1.6366907
1750848843801,-3.9990048,8.246863,3.2542388
1750848843821,-4.6450667,8.151151,5.312066
1750848843840,-6.200402,1.8915263,2.684747
1750848843859,-6.942177,1.881955,3.034099
1750848843878,-5.6356955,-1.8029919,1.6654046
1750848843897,-5.5543394,-4.2771707,-0.7704889
1750848843916,-6.951748,-3.434897,0.41635114
1750848843935,-8.971291,-3.0233314,2.5124638
1750848843954,-9.890134,-6.411568,4.0390844
1750848843973,-12.187243,-11.637493,1.2346965
1750848843992,-13.646866,-15.413367,4.287938
1750848844012,-16.489538,-16.65285,10.269995
1750848844031,-17.57588,-14.997016,13.529019
1750848844050,-15.723836,-19.447666,14.61536
1750848844069,-17.078173,-20.730219,18.43909
1750848844088,-16.42254,-19.926231,19.109081
1750848844107,-15.04906,-17.385054,20.602203
1750848844126,-13.723436,-16.734205,20.094925
1750848844145,-7.7940216,-16.901703,21.095125
1750848844164,-6.81775,-11.125429,20.032711
1750848844183,-0.055633128,-10.83829,21.047268
1750848844203,2.9545379,-4.7748775,20.391634
1750848844222,6.5964136,-6.7322063,12.150753
1750848844241,10.377073,-8.009974,9.001799
1750848844260,12.5449705,-16.609777,5.096712
1750848844279,11.520843,-11.876775,-1.2155539
1750848844298,10.0468645,-13.283755,0.062213387
1750848844317,11.941979,-14.872589,9.174082
1750848844336,12.152548,-11.938989,8.920443
1750848844355,4.7635117,-3.176472,8.111669
1750848844374,1.4997016,-0.27158538,8.79123
1750848844394,3.0311081,4.3178487,5.723632
1750848844413,1.2412767,4.336991,4.910072
1750848844432,-5.6500525,0.9391829,-0.2536392
1750848844451,-4.63071,6.2416778,-2.0338993
1750848844470,-6.128617,-0.357727,-2.1008983
1750848844489,-11.273186,-3.5593238,-1.2873386
1750848844508,-10.631909,-5.440082,-0.32542387
1750848844527,-11.215758,-8.27797,-2.9862428
1750848844546,-11.866606,-12.005987,-3.6849468
1750848844565,-18.901505,-20.35694,-2.1535404
1750848844585,-21.820747,-31.138998,-1.7706888
1750848844604,-20.705692,-23.63032,-4.4745784
1750848844623,-14.747564,-9.728021,0.91884387
1750848844642,-5.6069818,2.772085,3.2925239
1750848844661,-2.6015964,0.14955142,0.63170516
1750848844680,-6.061618,2.3940191,3.9050865
1750848844699,-2.2474587,8.510074,10.327422
1750848844718,-0.6729814,6.29432,11.327622
1750848844737,-1.0654043,0.2835495,8.848659
1750848844756,-0.15613168,3.5712879,9.772287
1750848844776,1.4709877,3.6957145,11.533405
1750848844795,2.1601207,4.040281,12.4426775
1750848844814,2.1218355,4.2125645,12.409178
1750848844833,2.5764718,3.1932218,11.820544
1750848844852,2.6386852,0.37447673,11.270195
1750848844871,2.7583263,-0.58265233,11.016556
1750848844890,4.256233,-0.10887343,10.997413
1750848844909,5.959923,-0.41994038,10.9017
1750848844928,7.2233334,-1.0372887,10.322637
1750848844947,8.290532,-1.7455641,9.413364
1750848844967,7.036693,-3.2243285,10.1599245
1750848844986,5.8211393,-2.7888348,10.41835
1750848845005,4.950152,-2.9659038,10.327422
1750848845024,5.002794,-3.9086757,8.724232
1750848845043,3.49053,-4.5212383,7.513463
1750848845062,1.8729819,-2.597409,6.6424756
1750848845081,0.4564309,-5.9138613,8.1020975
1750848845100,-2.946163,-8.220542,8.571091
1750848845119,-2.7834508,-8.857033,9.059227
1750848845138,-0.15134603,-6.823134,9.169296
1750848845158,1.7437695,-6.7130637,8.930014
1750848845177,0.31764722,-7.631908,8.997013
1750848845196,-0.0029910284,-6.6939216,9.518648
1750848845215,0.054436713,-6.492924,8.896515
1750848845234,-1.0175478,-7.68455,8.676374
1750848845253,-1.0797613,-8.636893,8.001599
1750848845272,-0.58683974,-8.014759,7.8484583
1750848845291,-0.21834506,-7.87119,7.7240314
1750848845310,0.28893334,-7.804191,6.8339014
1750848845329,0.8632108,-8.100901,6.3744793
1750848845349,0.26979074,-7.952546,6.216553
1750848845368,0.4564309,-7.9477606,7.111469
1750848845387,1.102493,-8.421539,7.4512496
1750848845406,1.466202,-7.4787674,7.9920278
1750848845425,1.035494,-6.626922,8.063812
1750848845444,-1.0654043,-7.780263,7.503892
1750848845463,0.7435696,-8.043473,6.9535427
1750848845482,0.5521438,-7.2490563,7.2358956
1750848845501,1.0019945,-7.2299137,7.9537425
1750848845520,1.4901303,-7.292127,8.16431
1750848845540,0.23150559,-7.062416,7.6666036
1750848845559,0.6047859,-7.129415,7.6713896
1750848845578,1.1647065,-7.143772,7.288538
1750848845597,0.74835527,-7.1389866,8.149954
1750848845616,1.1216356,-5.966503,8.628518
1750848845635,1.3369896,-6.4067826,8.848659
1750848845654,1.102493,-6.914061,8.456235
1750848845673,0.97806627,-6.483353,7.585248
1750848845692,0.5665008,-6.3254266,8.216953
1750848845711,1.4614165,-6.1914287,8.389236
1750848845731,1.265205,-5.7320065,8.843872
1750848845750,1.2747762,-5.7607207,8.896515
1750848845769,2.0500507,-5.636294,8.183454
1750848845788,1.7964116,-6.000003,8.547162
1750848845807,1.1407782,-5.4113684,8.126026
1750848845826,1.1934203,-5.258228,8.580662
1750848845845,1.7964116,-3.9756749,8.60459
1750848845864,1.183849,-3.5497525,8.963513
1750848845883,1.3609179,-3.9756749,7.834101
1750848845902,1.8107685,-3.3726835,7.690532
1750848845922,2.11705,0.43669012,8.451449
1750848845941,2.1361923,3.1310084,8.633304
1750848845960,2.2941186,4.5714874,9.193225
1750848845979,1.9734805,5.7583275,9.686146
1750848845998,1.5236298,5.629115,8.915657
1750848846017,2.126621,6.10768,7.1688967
1750848846036,3.1459637,7.5816584,7.8293157
1750848846055,2.1888344,8.787642,7.446464
1750848846074,0.76749784,7.3567333,7.2646093
1750848846093,1.0546366,7.5720873,8.772088
1750848846113,0.8153543,8.471788,9.040084
1750848846132,1.1455638,8.840283,8.456235
1750848846151,1.4279169,9.543773,8.216953
1750848846170,0.39421752,8.098508,6.2883377
1750848846189,-1.0749756,9.55813,5.048856
1750848846208,-1.6923238,9.0029955,4.426722
1750848846227,-2.4819553,10.347761,3.249453
1750848846246,-2.2905295,7.5146594,1.0576276
1750848846265,-3.295515,8.093722,4.0295134
1750848846284,-4.5541396,5.375476,5.584848
1750848846304,-5.0662036,8.050652,4.9866424
1750848846323,-5.4059844,8.213364,4.508078
1750848846342,-5.348557,-0.07058827,1.5601203
1750848846361,-6.166902,-6.9475603,-0.91884387
1750848846380,-7.4015985,-3.3487554,-0.57427746
1750848846399,-6.611967,-3.760321,1.6271194
1750848846418,-8.090732,-6.626922,1.5361922
1750848846437,-10.909476,-9.225528,0.8757731
1750848846456,-14.12543,-13.030116,0.38285163
1750848846475,-15.321841,-12.446267,3.249453
1750848846494,-18.657436,-14.082957,10.303494
1750848846514,-16.2024,-18.830318,17.400606
1750848846533,-16.53261,-16.657635,19.080368
1750848846552,-13.876576,-20.945574,19.989641
1750848846571,-13.857434,-20.897717,19.31008
1750848846590,-14.742779,-15.011373,18.888943
1750848846609,-8.942576,-15.241084,17.501104
1750848846628,-0.93619186,-10.197014,21.243479
1750848846647,-2.3383858,-15.092729,19.91307
1750848846666,0.05922236,-13.417753,14.553147
1750848846686,5.2181478,-12.489338,14.830715
1750848846705,10.305289,-7.062416,15.840486
1750848846724,8.826525,-9.799805,8.595019
1750848846743,11.171491,-9.857233,3.1154552
1750848846762,11.042278,-12.527623,-0.13878371
1750848846781,10.960922,-14.910874,1.2634103
1750848846800,6.553343,-16.624136,4.106084
1750848846819,9.90808,-11.02493,5.4460645
1750848846838,8.649456,-2.3868406,7.8963146
1750848846857,4.610371,3.3511481,9.734002
1750848846877,-2.9605198,11.615957,3.4887354
1750848846896,-1.7066808,-1.6163517,-2.268396
1750848846915,-5.3342,-0.041874398,-2.6464617
1750848846934,-8.727222,0.33140594,1.7994026
1750848846953,-6.999604,-5.8420763,-1.1485549
1750848846972,-9.507282,-4.5882373,0.24885355
1750848846991,-9.631709,-5.440082,-0.31585258
1750848847010,-8.320442,-5.2055855,-2.172683
1750848847029,-12.570096,-9.2590275,-2.1966112
1750848847048,-16.42254,-16.839489,-0.8662018
1750848847067,-21.485752,-24.448666,-0.83748794
1750848847087,-18.360725,-25.396223,0.5455636
1750848847106,-12.4935255,-13.834105,-0.3062813
1750848847125,-4.6354957,-5.2199426,-0.2632105
1750848847144,-2.4340987,-1.5397813,2.3545375
1750848847163,-7.765308,6.9738817,6.4127645
1750848847182,-4.137789,9.304491,8.815159
1750848847201,0.14536397,4.9974103,11.030912
1750848847220,-0.6873383,2.015953,11.60519
1750848847239,-0.21355942,2.5615165,12.514462
1750848847259,1.5714862,3.7531424,12.160325
1750848847278,2.1601207,3.3367913,11.01177
1750848847297,2.5429723,3.4660037,11.590833
1750848847316,3.0119655,2.6811578,11.026127
1750848847335,2.9162526,0.43669012,10.963913
1750848847354,3.7250266,-0.49172506,10.298709
1750848847373,4.41416,-0.81236327,10.025927
1750848847392,5.5675,-1.0899308,10.284351
1750848847411,6.285347,-2.7553353,10.872986
1750848847430,6.0077796,-4.210171,10.633704
1750848847449,5.519644,-3.3152559,10.049855
1750848847469,4.543372,-3.8608193,10.2317095
1750848847488,3.1794631,-4.2484565,9.403793
1750848847507,2.9162526,-4.674379,9.001799
1750848847526,2.184049,-5.3682976,8.260024
1750848847545,0.95413804,-7.1916285,9.174082
1750848847564,-0.381057,-6.148358,9.126225
1750848847583,-1.07019,-5.6075797,10.590633
1750848847602,-1.6444674,-4.3058844,11.078769
1750848847621,-1.0175478,-4.133601,10.954342
1750848847640,0.016151553,-5.3204412,10.643275
1750848847660,0.4325027,-6.780063,10.169497
1750848847679,0.18364914,-6.0622163,9.710074
1750848847698,-0.02213361,-5.851648,9.188439
1750848847717,0.020937199,-7.2825556,9.0544405
1750848847736,-0.37627137,-7.952546,7.489535
1750848847755,-0.47676992,-8.05783,8.523234
1750848847774,0.62871414,-7.8233337,7.757531
1750848847793,0.6478567,-8.05783,7.609176
1750848847812,0.54257256,-6.8853474,6.9248285
1750848847832,0.82013994,-6.923632,7.489535
1750848847851,0.6765706,-6.9762745,7.838887
1750848847870,0.12622139,-6.6891356,7.728817
1750848847889,0.360718,-6.808777,7.8867435
1750848847908,1.4087744,-6.454639,7.7144604
1750848847927,0.9062816,-5.7224355,8.078169
1750848847946,0.293719,-5.631508,8.523234
1750848847965,0.28893334,-5.5070815,7.7671022
1750848847984,0.7722835,-5.9760747,8.403593
1750848848003,0.738784,-5.9521465,8.336594
1750848848022,1.4566308,-5.6650076,8.642876
1750848848042,1.4183456,-4.7509494,8.79123
1750848848061,1.2221341,-4.995017,8.915657
1750848848080,1.0594223,-5.444868,8.700303
1750848848099,1.4087744,-5.215157,8.681161
1750848848118,1.2221341,-5.2008,9.513863
1750848848137,1.643271,-4.578666,9.657433
1750848848156,1.7341982,-4.4207397,9.710074
1750848848175,1.0737791,-4.49731,9.427721
1750848848194,1.7820547,-4.243671,9.298509
1750848848213,1.8634106,-4.4111686,9.68136
1750848848233,1.4087744,-4.2915273,9.131011
1750848848252,2.059622,-4.191029,9.700503
1750848848271,2.274976,-3.4540396,9.868001
1750848848290,1.5236298,-3.0041888,9.690931
1750848848309,1.9016958,-2.8701909,8.776874
1750848848328,2.5094728,-3.9230328,8.867801
1750848848347,1.628914,-4.2963133,8.609376
1750848848366,1.6719848,-4.339384,9.035298
1750848848385,2.6865416,-2.9276185,9.265009
1750848848404,1.9878374,-1.8029919,8.973084
1750848848424,1.8107685,-1.4727824,7.580462
1750848848443,1.7102699,-1.1282159,7.470392
1750848848462,2.6195426,1.6713866,8.145168
1750848848481,2.9976087,5.834898,8.676374
1750848848500,2.868396,6.7872415,7.9633136
1750848848519,2.5860431,5.8061843,6.4558353
1750848848538,1.7820547,6.629315,6.206982
1750848848557,1.102493,6.4618177,5.8767724
1750848848576,0.7962117,7.2562346,5.651847
1750848848595,-0.19441684,9.936196,6.474978
1750848848615,-2.1326032,11.458032,7.475178
1750848848634,-2.6638098,11.084751,6.8865438
1750848848653,-3.970291,10.893325,6.407979
1750848848672,-3.7310088,6.6388865,2.5220351
1750848848691,-4.5876393,5.9497533,1.052842
1750848848710,-5.745765,8.792427,3.345166
1750848848729,-6.090332,8.170293,4.316652
1750848848748,-6.8464637,6.1028943,6.216553
1750848848767,-7.2341013,2.9156544,4.752146
1750848848786,-7.789236,0.058624156,2.5316064
1750848848806,-7.5643106,1.2502499,2.4646072
1750848848825,-7.717451,1.0779666,2.7756743
1750848848844,-9.11486,-6.239285,1.5409778
1750848848863,-11.0195465,-11.039288,0.85184485
1750848848882,-12.105888,-11.632708,2.1343977
1750848848901,-14.934204,-14.877375,6.541977
1750848848920,-14.881562,-20.055443,14.16551
1750848848939,-17.188244,-15.896717,16.16591
1750848848958,-18.446869,-23.094328,14.744574
1750848848977,-13.852649,-16.308283,19.080368
1750848848997,-15.814763,-15.020945,19.740788
1750848849016,-10.670195,-16.671991,21.14298
1750848849035,-6.9852476,-14.599808,19.109081
1750848849054,-5.6787663,-21.194427,19.334007
1750848849073,-3.4247274,-15.710077,17.702103
1750848849092,3.8350966,-12.202199,18.491734
1750848849111,5.825925,-7.2729845,12.547962
1750848849130,8.989237,-9.57488,10.729417
1750848849149,5.725426,-8.115258,7.877172
1750848849168,9.970294,-8.679964,2.3688943
1750848849188,8.654242,-9.536594,-2.172683
1750848849207,7.275975,-16.758133,2.2875385
1750848849226,7.275975,-15.054443,8.140383
1750848849245,6.1944194,-12.857833,5.8337016
1750848849264,2.4568307,-6.4977098,7.800602
1750848849283,4.4428735,-2.7696922,9.15494
1750848849302,-0.52941203,-1.396212,6.623333
1750848849321,-1.7114664,2.0063818,2.9096723
1750848849340,-3.7932222,3.0257242,-1.8281165
1750848849359,-3.9942193,-0.37686956,-4.699504
1750848849379,-6.5162544,-4.2628136,-5.235496
1750848849398,-6.19083,-5.8037915,-2.8570302
1750848849417,-6.2674007,-7.2346992,-2.6656044
1750848849436,-6.860821,-12.991831,-2.0051854
1750848849455,-8.095517,-15.226727,-2.6273193
1750848849474,-10.440483,-17.284554,-2.1774685
1750848849493,-11.029118,-17.643478,-1.4931214
1750848849512,-10.890334,-18.973886,-0.9092726
1750848849531,-9.593424,-18.141186,-1.6654046
1750848849550,-8.693723,-14.154742,-1.9094725
1750848849570,-4.8699923,-9.24467,1.7994026
1750848849589,-4.592425,1.9202402,2.833102
1750848849608,-1.0319048,0.36011982,7.6713896
1750848849627,2.9832516,-4.392026,10.423136
1750848849646,3.394817,-2.4011974,12.356536
1750848849665,3.1698918,-0.5922236,12.059826
1750848849684,3.868596,-0.40079778,10.9017
1750848849703,3.1698918,0.12562318,10.4566345
1750848849722,2.4041886,-1.5014962,11.021341
1750848849741,2.1744776,-0.7501499,11.820544
1750848849761,2.6004,-0.23330021,11.983255
1750848849780,3.2129626,-0.5204389,11.964113
1750848849799,3.7633119,0.17347965,11.600404
1750848849818,3.2177482,0.106480606,11.600404
1750848849837,2.437688,-0.9846465,11.748759
1750848849856,2.777469,-0.6831509,11.140983
1750848849875,2.964109,0.08733802,10.624132
1750848849894,3.5240295,0.17826529,10.116854
1750848849913,3.815954,0.4127619,10.269995
1750848849932,2.9449666,-0.6735796,10.064212
1750848849952,2.6338995,-0.30987054,9.619147
1750848849971,2.748755,-0.05623133,8.886943
1750848849990,2.7152555,-0.276371,8.652447
1750848850009,2.5381866,-0.25722843,8.796016
1750848850028,2.4089742,-0.08015956,8.202596
1750848850047,2.059622,-0.104087785,7.3603225
1750848850066,1.7485552,-0.4103691,6.364908
1750848850085,1.2221341,-0.3481557,2.3545375
1750848850104,-0.61076796,-2.0757737,7.159325
1750848850123,-0.07477571,-0.31944183,10.150353
1750848850143,-2.0225334,-2.774478,10.9017
1750848850162,-3.7836509,-3.8321054,11.60519
1750848850181,-1.0175478,-4.6265225,11.638689
1750848850200,-1.4338989,-3.5928233,11.997613
1750848850219,-3.132803,0.50368917,10.116854
1750848850238,-4.2191443,2.379662,7.4129643
1750848850257,-2.6063821,-0.051445685,6.15434
1750848850276,-2.4532413,-0.7692925,6.0155563
1750848850295,-3.4725838,-0.6735796,4.7808595
1750848850314,-6.1190457,-2.6596224,2.388037
1750848850334,-6.7698936,-4.554738,2.8809586
1750848850353,-6.5641108,-5.0572305,3.3499517
1750848850372,-6.3248286,-6.8709903,6.192625
1750848850391,-6.626324,-7.698907,8.628518
1750848850410,-6.774679,-7.172486,8.159525
1750848850429,-6.7555366,-6.483353,10.064212
1750848850448,-9.138788,-11.65185,12.035898
1750848850467,-14.962918,-13.436895,14.567504
1750848850486,-15.489339,-11.843276,17.807386
1750848850505,-16.264614,-10.316655,15.53899
1750848850525,-8.990433,-9.287741,13.098311
1750848850544,-10.799407,-8.239685,10.145568
1750848850563,-10.837692,-14.65245,8.843872
1750848850582,-13.335799,-11.709277,7.9106717
1750848850601,-8.229515,-13.489537,6.867401
1750848850620,-3.8697925,-8.766106,3.0053852
1750848850639,-6.047261,-6.995417,-1.7324036
1750848850658,-4.377071,-6.9906316,-4.493721
1750848850677,-1.2855439,-5.631508,-3.359523
1750848850696,-0.6873383,-7.4356966,-3.5700915
1750848850716,2.5764718,-2.4969103,-2.359323
1750848850735,5.471787,-0.62093747,1.564906
1750848850754,4.854439,-1.0037891,3.5126636
1750848850773,4.107878,-0.43908295,3.9242291
1750848850792,6.093921,-5.239085,0.37806597
1750848850811,4.6007996,-5.1529436,-3.3164523
1750848850830,5.5675,-4.49731,-5.7284174
1750848850849,4.0073795,-8.57468,-3.7758741
1750848850868,0.8679964,-11.044073,-2.0578275
1750848850887,-2.25703,-13.283755,-3.1393833
1750848850907,-3.807579,-14.221742,-2.7182465
1750848850926,-4.0851464,-12.857833,-2.2157538
1750848850945,-5.3533425,-13.054044,-2.6991038
1750848850964,-6.7316084,-13.99203,-3.0436704
1750848850983,-8.109874,-15.260226,-5.0823555
1750848851002,-9.134003,-15.676578,-7.475178
1750848851021,-10.287343,-16.930416,-8.609376
1750848851040,-9.531211,-16.293926,-8.681161
1750848851059,-8.717651,-13.613964,-7.6139617
1750848851078,-7.425527,-12.221342,-7.972885
1750848851098,-7.9040914,-12.675978,-8.226524
1750848851117,-8.449655,-12.384053,-8.379665
1750848851136,-7.947162,-10.5080805,-8.958728
1750848851155,-8.277371,-9.713663,-8.920443
1750848851174,-6.908677,-8.952746,-8.207381
1750848851193,-4.980062,-7.631908,-8.1738825
1750848851212,-3.778865,-7.1916285,-8.41795
1750848851231,-2.5345974,-6.808777,-9.303294
1750848851250,-0.8644072,-6.2105713,-8.772088
1750848851269,1.0307083,-5.6650076,-8.159525
1750848851289,2.9210382,-5.0141597,-8.16431
1750848851308,4.5003014,-4.526024,-8.049456
1750848851327,5.577071,-5.3443694,-8.303095
1750848851346,5.959923,-5.028517,-7.4416785
1750848851365,6.4002023,-3.4540396,-6.5659056
1750848851384,7.0223365,-3.2913275,-7.1545396
1750848851403,6.9170523,-3.4444683,-8.240881
1750848851422,6.3810596,-3.1046875,-8.953942
1750848851441,6.5485573,-2.3389843,-8.580662
1750848851460,7.4386873,-3.3583267,-8.800801
1750848851480,5.8067822,-4.9088755,-7.4847493
1750848851499,5.0889354,-5.899504,-9.868001
1750848851518,5.97428,-1.8221345,-10.978271
1750848851537,6.5677,-1.6594225,-8.01117
1750848851556,5.4430733,-1.6546369,-10.79163
1750848851575,4.328018,2.9922247,-12.38525
1750848851594,4.552943,-0.77407813,-9.786645
1750848851613,4.1700916,-3.0376883,-11.959328
1750848851632,4.6438704,-2.4394827,-11.428121
1750848851651,6.180063,-4.4350967,-10.743773
1750848851671,4.639085,2.8725836,-12.289537
1750848851690,7.9746795,-0.36251262,-8.068598
1750848851709,10.578071,-8.38804,-7.6809607
1750848851728,8.907881,-6.808777,-5.393422
1750848851747,5.916852,-8.100901,-2.885744
1750848851766,9.142377,-10.857432,-5.2642097
1750848851785,5.419145,-11.584851,-3.3260236
1750848851804,-3.5826538,-6.1292152,1.3160524
1750848851823,-9.201001,-13.173685,3.9720855
1750848851842,-11.15833,-14.092529,3.1920254
1750848851862,-6.3678994,-8.545966,1.430908
1750848851881,1.561915,-8.612965,2.9910283
1750848851900,4.299304,-8.79482,5.4987063
1750848851919,3.3565319,-8.220542,6.283552
1750848851938,2.00698,-8.139186,5.532206
1750848851957,2.3898315,-10.005588,6.489335
1750848851976,1.1216356,-9.8524475,6.5371914
1750848851995,-0.72083783,-7.6510506,7.9106717
1750848852014,0.26021945,-6.937989,6.814759
1750848852033,1.9304097,-9.000603,7.192825
1750848852053,1.9351953,-7.641479,7.8436728
1750848852072,2.0452652,-7.847262,7.6570325
1750848852091,1.2795619,-7.7946196,8.652447
1750848852110,2.0165513,-7.804191,6.695118
1750848852129,1.6336997,-7.641479,6.9391856
1750848852148,1.2843475,-7.9094753,6.853044
1750848852167,1.2029916,-7.220342,7.728817
1750848852186,1.8299111,-7.1246295,8.193025
1750848852205,1.1312069,-7.1581287,7.881958
1750848852224,2.6195426,-6.9858456,8.068598
1750848852244,1.5858432,-7.368697,7.4129643
1750848852263,1.102493,-6.3541408,8.776874
1750848852282,1.1934203,-6.832705,7.5326056
1750848852301,2.1314068,-5.832505,8.709874
1750848852320,0.9445667,-6.0191455,8.365308
1750848852339,1.2699906,-5.7224355,8.9108715
1750848852358,1.0115658,-4.9232326,8.695518
1750848852377,1.1359925,-5.2199426,9.092726
1750848852396,1.5092729,-5.1003013,9.145369
1750848852415,1.5044873,-4.755735,8.906086
1750848852435,1.3800604,-3.9661036,9.260223
1750848852454,1.1072787,-4.4446683,9.178867
1750848852473,0.5712864,-4.8035913,9.025727
1750848852492,1.4518452,-4.2723846,9.757931
1750848852511,1.1886346,-4.243671,8.949157
1750848852530,0.66699934,-4.0570307,9.848858
1750848852549,1.3609179,-4.133601,8.882157
1750848852568,0.9493524,-3.3439696,10.466207
1750848852587,1.4039887,-3.918247,9.327223
1750848852606,1.2412767,-3.7076788,9.169296
1750848852626,0.9637093,-3.473182,9.954143
1750848852645,1.2891332,-3.339184,9.379865
1750848852664,0.9302098,-3.3583267,9.595219
1750848852683,0.4564309,-3.5162528,9.8727865
1750848852702,1.0067801,-2.8366911,10.164711
1750848852721,1.265205,-3.1573296,9.887143
1750848852740,0.54257256,-2.9419754,9.336794
1750848852759,1.1503495,-2.2097716,10.040284
1750848852778,0.9637093,-2.8510482,9.408579
1750848852797,0.8632108,-2.152344,9.657433
1750848852817,0.9206385,-2.4107687,9.662218
1750848852836,0.46121657,-2.516053,10.035499
1750848852855,0.7435696,-1.4727824,9.997213
1750848852874,0.6095716,-1.3387842,10.04507
1750848852893,1.250848,-1.9513469,9.662218
1750848852912,0.5138587,-1.6163517,9.556933
1750848852931,0.4564309,-1.2526426,10.078569
1750848852950,0.69092757,-1.4344971,9.710074
1750848852969,1.0450653,-1.1904292,9.753145
1750848852988,0.44207397,-1.2526426,9.973285
1750848853008,0.5712864,-1.0085747,9.896714
1750848853027,0.44685963,-1.4057833,9.97807
1750848853046,0.7818548,-0.77407813,9.858429
1750848853065,0.7722835,-0.8171489,10.135997
1750848853084,1.0594223,-0.9607183,10.179068
1750848853103,0.82013994,-0.46301118,10.34178
1750848853122,0.69571316,-1.0420742,10.001999
1750848853141,0.9493524,-1.3531412,9.705289
1750848853160,0.66699934,-1.6307086,10.346565
1750848853179,0.9445667,-0.8315059,10.447063
1750848853199,1.0402796,-1.6307086,10.485349
1750848853218,0.8009974,-0.56829536,10.667203
1750848853237,0.9637093,-0.81236327,11.16491
1750848853256,0.78664047,-0.86979103,10.782059
1750848853275,0.8679964,-0.37208393,10.585847
1750848853294,0.8009974,-0.3290131,9.949356
1750848853313,0.78664047,-0.21894327,10.777273
1750848853332,0.9924232,-0.17108682,10.786844
1750848853351,0.8249256,-0.13280165,11.437693
1750848853370,1.0019945,0.2739782,11.251052
1750848853389,0.82013994,0.2883351,11.480763
1750848853409,0.887139,0.56590253,11.294123
1750848853428,1.2077773,-0.56350976,10.619347
1750848853447,1.183849,0.0059820567,10.963913
1750848853466,1.3657036,-0.11844472,10.8682
1750848853485,1.7437695,-0.20458634,10.724631
1750848853504,1.5667006,0.14955142,10.925629
1750848853523,1.643271,0.06819545,10.892129
1750848853542,1.8634106,0.23569304,10.782059
1750848853561,1.9016958,0.07776674,10.317851
1750848853580,2.1218355,0.45104706,10.547563
1750848853600,2.155335,0.36490545,10.930414
1750848853619,2.0452652,0.15433706,10.79163
1750848853638,2.1601207,0.2548356,11.155339
1750848853657,2.3132613,0.058624156,10.533205
1750848853676,2.2989044,0.058624156,10.514063
1750848853695,2.6769702,0.46061835,9.930214
1750848853714,3.0837502,0.695115,9.652647
1750848853733,2.8205397,0.317049,9.269794
1750848853752,2.8779674,0.4127619,8.748159
1750848853772,3.1842487,1.1497513,7.6331043
1750848853791,3.423531,2.0877378,6.6329045
1750848853810,3.4522448,0.76689965,5.656633
1750848853829,3.0311081,0.23569304,4.651647
1750848853848,2.11705,-1.8508483,2.7038896
1750848853867,2.2797618,-0.34337005,2.37368
1750848853886,2.3515465,0.7429714,3.1441689
1750848853905,1.2556337,0.7812566,4.321438
1750848853924,0.7052845,0.5706882,4.1347976
1750848853943,1.198206,1.1976078,4.6468616
1750848853962,0.3702893,0.7956135,5.474778
1750848853982,-0.55812585,1.0683953,5.938986
1750848854001,-1.1084751,1.0588241,6.101698
1750848854020,-2.3192434,1.2981063,7.925029
1750848854039,-0.12263216,-0.66400826,8.403593
1750848854058,-0.59641105,-0.44865423,8.786445
1750848854077,-1.3429717,0.16869399,10.001999
1750848854096,-0.96490574,1.0109676,11.447264
1750848854115,0.15014961,4.011567,12.303894
1750848854134,2.6961129,6.6819572,12.150753
1750848854153,5.122435,6.3517475,9.710074
1750848854173,4.241876,5.0452666,9.140582
1750848854192,-1.7593229,4.432704,9.461221
1750848854211,2.7535408,-0.64965135,8.796016
1750848854230,0.63828546,0.5276174,7.82453
1750848854249,-5.343771,2.705086,10.365707
1750848854268,-5.860621,2.3078775,11.380264
1750848854287,-4.549354,4.4231324,12.323036
1750848872585,4.639085,4.0163527,7.7001033
1750848872604,4.7778687,4.456632,7.1880393
1750848872623,4.610371,4.7198424,7.1306114
1750848872642,4.543372,4.705486,7.60439
1750848872661,4.476373,4.5188456,7.786245
1750848872680,4.1988053,4.5475593,7.2646093
1750848872699,4.093521,5.050052,7.3459654
1750848872718,4.2610188,5.2031927,7.7479596
1750848872738,4.2370906,4.5619164,7.63789
1750848872757,4.208377,3.8823547,7.2502527
1750848872776,4.1557345,3.987639,7.082755
1750848872795,3.8877387,4.4135613,7.149754
1750848872814,3.8398821,4.638487,7.6570325
1750848872833,4.3471603,3.5856447,7.3986077
1750848872852,3.394817,4.6959143,7.389036
1750848872871,4.2275195,4.6432724,7.733603
1750848872890,3.4474592,5.050052,7.479964
1750848872909,4.299304,4.6528435,7.6139617
1750848872928,4.246662,4.126423,7.470392
1750848872948,4.6151567,3.987639,7.5996046
1750848872967,4.313661,4.1694937,7.479964
1750848872986,3.8494534,4.8969116,7.5086775
1750848873005,3.7393837,4.9495535,7.5230346
1750848873024,3.9260237,4.432704,7.2215385
1750848873043,4.4668016,3.6670008,7.082755
1750848873062,4.543372,4.4374895,7.580462
1750848873081,4.404588,5.6243296,8.130812
1750848873100,4.093521,5.7391853,8.006385
1750848873119,4.371089,4.6576295,7.1880393
1750848873139,4.8305106,4.442275,7.537391
1750848873158,5.08415,4.7581277,8.23131
1750848873177,4.8879385,5.0883374,8.035098
1750848873196,4.4524446,4.863412,7.4943204
1750848873215,4.016951,4.7676992,7.0636125
1750848873234,4.2945185,5.332405,7.322037
1750848873253,4.3088756,5.7870417,7.5326056
1750848873272,3.8590248,5.5908303,7.422536
1750848873291,3.557529,5.035695,6.546763
1750848873310,3.7441692,5.1409793,6.6185474
1750848873330,3.9164524,5.51426,7.0301127
1750848873349,4.0408792,5.825327,7.355537
1750848873368,4.1844487,5.4424753,7.1880393
1750848873387,4.0408792,5.3850474,7.2502527
1750848873406,4.1988053,5.528617,7.3842506
1750848873425,4.045665,5.5573306,7.350751
1750848873444,3.882953,5.3132625,6.9678993
1750848873463,3.6245282,5.2223353,6.862615
1750848873482,3.4522448,5.2941203,6.853044
1750848873501,3.6771703,5.2223353,6.7525454
1750848873521,3.7776687,5.562116,7.288538
1750848873540,3.8494534,5.672186,7.5086775
1750848873559,3.6005998,5.5429735,7.1880393
1750848873578,3.5144582,5.346762,7.0205417
1750848873597,3.6723845,4.935197,6.814759
1750848873616,3.7250266,5.1409793,7.0396843
1750848873635,3.6963127,5.8636117,7.173682
1750848873654,3.5910287,5.8301125,7.025327
1750848873673,3.5958142,5.7487564,7.1880393
1750848873692,2.830111,6.256035,6.6089764
1750848873712,3.734598,3.379862,7.460821
1750848873731,4.41416,6.141179,7.5230346
1750848873750,3.5001013,6.495317,7.1784678
1750848873769,3.720241,4.6959143,6.9009004
1750848873788,3.7728832,5.365905,7.322037
1750848873807,4.4524446,5.0548377,7.1210403
1750848873826,3.882953,5.6578293,7.2550383
1750848873845,3.5479577,5.605187,7.140183
1750848873864,3.5671003,5.4903316,7.015756
1750848873883,3.7728832,5.413761,7.0396843
1750848873903,4.093521,5.2701917,7.2215385
1750848873922,4.0791645,5.729614,7.288538
1750848873941,3.815954,5.820541,7.04447
1750848873960,3.5096726,5.7152567,6.9822564
1750848873979,3.5958142,5.5669017,7.0636125
1750848873998,3.720241,5.4759746,6.948757
1750848874017,3.78724,5.4089756,6.896115
1750848874036,3.8111682,5.595616,6.853044
1750848874055,3.8207395,5.6961145,7.0301127
1750848874074,3.8494534,5.380262,7.173682
1750848874094,4.1030927,5.456832,7.159325
1750848874113,4.136592,5.6578293,7.207182
1750848874132,3.9260237,5.6913285,7.025327
1750848874151,3.7633119,5.8157554,6.8721867
1750848874170,3.7441692,5.552545,6.8721867
1750848874189,3.9212382,5.5190454,6.920043
1750848874208,3.9595232,5.6004014,7.111469
1750848874227,4.0504503,5.8683977,7.092326
1750848874246,3.9020956,6.0598235,6.943971
1750848874265,3.758526,5.8731833,6.876972
1750848874285,3.7776687,5.7056856,6.7525454
1750848874304,3.7824545,5.5669017,6.7908306
1750848874323,3.7680974,5.8061843,6.8243303
1750848874342,3.7154553,6.29432,6.8195443
1750848874361,3.6340995,5.892326,6.7238317
1750848874380,3.7680974,5.6147585,6.695118
1750848874399,3.815954,5.8971114,6.862615
1750848874418,3.9451663,6.222535,7.0636125
1750848874437,3.8446677,5.9353967,6.9391856
1750848874456,3.6293137,5.6099725,6.6759753
1750848874476,3.557529,5.538188,6.623333
1750848874495,3.5623147,5.8396835,6.6329045
1750848874514,3.734598,5.8731833,6.7525454
1750848874533,3.734598,6.0023956,6.8099732
1750848874552,3.6053855,6.155536,6.7812595
1750848874571,3.6963127,5.825327,6.8099732
1750848874590,3.6532419,5.8971114,6.7573314
1750848874609,3.758526,6.07418,6.8051877
1750848874628,3.7537405,6.361319,6.8817577
1750848874647,3.6532419,6.418747,6.800402
1750848874667,3.49053,5.9641104,6.570691
1750848874686,3.4570305,5.77747,6.599405
1750848874705,3.4474592,6.064609,6.6759753
1750848874724,3.5671003,6.1938214,6.7238317
1750848874743,3.4474592,6.2847486,6.6711893
1750848874762,3.3517463,6.088537,6.556334
1750848874781,3.370889,5.6578293,6.518049
1750848874800,3.5144582,6.0167527,6.7764735
1750848874819,3.6819558,6.4905314,6.8817577
1750848874838,3.6293137,6.6053867,6.843473
1750848874858,3.5096726,6.0311093,6.6759753
1750848874877,3.3804603,5.892326,6.6185474
1750848874896,3.3517463,6.07418,6.680761
1750848874915,3.4713874,6.145965,6.6999035
1750848874934,3.5336008,6.117251,6.7238317
1750848874953,3.4426737,5.9545393,6.690332
1750848874972,3.4857445,6.040681,6.9678993
1750848874991,3.6723845,6.1842504,7.0492554
1750848875010,3.7298124,6.236892,6.9391856
1750848875029,3.4761732,6.212964,6.800402
1750848875049,3.3326037,6.1507506,6.762117
1750848875068,3.3326037,6.0598235,6.795616
1750848875087,3.3278182,5.9210396,6.7669024
1750848875106,3.4570305,5.9880385,6.795616
1750848875125,3.3852458,6.3421764,6.838687
1750848875144,3.4043884,6.5479593,6.9296145
1750848875163,3.370889,6.418747,6.9966135
1750848875182,3.2847474,6.155536,6.920043
1750848875201,3.2847474,6.040681,6.795616
1750848875220,3.2081769,6.141179,6.6711893
1750848875240,3.1507492,6.452246,6.8051877
1750848875259,3.1507492,6.3948183,6.910472
1750848875278,3.1603205,6.10768,6.853044
1750848875297,3.141178,5.8636117,6.6711893
1750848875316,3.1220353,6.3517475,6.7764735
1750848875335,2.9353952,6.337391,6.695118
1750848875354,2.777469,6.117251,6.661618
1750848875373,2.8205397,6.0023956,6.599405
1750848875392,2.8875387,5.858826,6.7429743
1750848875411,2.949752,5.9449677,6.8482585
1750848875431,3.0119655,6.078966,6.9583282
1750848875450,2.9880373,5.9641104,6.987042
1750848875469,2.9593234,6.040681,6.963114
1750848875488,2.9688947,6.212964,6.9344
1750848875507,3.0119655,6.1603217,6.910472
1750848875526,2.964109,5.820541,6.8195443
1750848875545,3.0933216,5.7583275,6.9583282
1750848875564,3.0933216,5.959325,7.0348988
1750848875583,3.045465,6.0454664,7.001399
1750848875602,3.0358937,5.820541,6.786045
1750848875622,3.0406795,5.6913285,7.125826
1750848875641,3.1363924,5.834898,7.322037
1750848875660,3.2560334,5.858826,7.2119675
1750848875679,3.3517463,5.820541,7.0492554
1750848875698,3.1363924,5.81097,6.9583282
1750848875717,3.1555347,5.8683977,7.2502527
1750848875736,3.260819,6.2081785,7.3363943
1750848875755,3.0885358,6.2847486,7.2263246
1750848875774,2.9545379,5.2510495,7.0492554
1750848875793,3.3469608,5.552545,7.192825
1750848875813,3.1794631,5.595616,7.1066833
